{
  "station_name": "Tommerup",
  "reference_x": -43.98587,
  "reference_y": 57.7233,
  "reference_z": 943.7361,
  "reference_tile_x": -5663,
  "reference_tile_y": 15116,
  "platforms": [
    {
      "platform_name": "Tommerup, Spor 3",
      "platform_coords": [
        [
          1.2497080831655571,
          -1.2570472512750648,
          0.0
        ],
        [
          3.987970015716501,
          -4.003818523051288,
          0.0
        ],
        [
          6.731553485193311,
          -6.745274445864268,
          0.0
        ],
        [
          9.480448173780188,
          -9.481404709899897,
          0.0
        ],
        [
          12.234643743687897,
          -12.212199025371778,
          0.0
        ],
        [
          14.99412983719169,
          -14.937647122560922,
          0.0
        ],
        [
          17.75889607667111,
          -17.657738751853508,
          0.0
        ],
        [
          20.528932064648505,
          -20.372463683779927,
          0.0
        ],
        [
          20.52895,
          -20.372499999999945,
          0.0
        ],
        [
          24.10334711655454,
          -23.868738729429985,
          0.0025000000000000005
        ],
        [
          27.677744233109085,
          -27.36497745886002,
          0.005
        ],
        [
          27.67774,
          -27.36489999999992,
          0.005009999999998627
        ],
        [
          31.252137116554543,
          -30.86113872942996,
          0.010009999999998628
        ],
        [
          34.826534233109086,
          -34.35737745886,
          0.015009999999998629
        ],
        [
          34.826531,
          -34.357399999999984,
          0.015000000000000568
        ],
        [
          38.400928116554546,
          -37.853638729430024,
          0.022500000000000568
        ],
        [
          41.97532523310909,
          -41.349877458860064,
          0.03000000000000057
        ],
        [
          41.975314999999995,
          -41.349899999999934,
          0.030000000000001137
        ],
        [
          44.52845579753895,
          -43.84721337816425,
          0.03714286071428685
        ],
        [
          47.08159659507791,
          -46.34452675632856,
          0.044285721428572566
        ],
        [
          49.63473739261687,
          -48.84184013449287,
          0.05142858214285827
        ],
        [
          52.18787819015583,
          -51.339153512657184,
          0.05857144285714398
        ],
        [
          54.741018987694794,
          -53.8364668908215,
          0.06571430357142971
        ],
        [
          57.29415978523375,
          -56.33378026898581,
          0.07285716428571543
        ],
        [
          59.84730058277271,
          -58.83109364715013,
          0.08000002500000114
        ],
        [
          62.40044138031167,
          -61.328407025314434,
          0.08714288571428686
        ],
        [
          64.95358217785063,
          -63.825720403478755,
          0.09428574642857257
        ],
        [
          67.5067229753896,
          -66.32303378164306,
          0.10142860714285828
        ],
        [
          70.05986377292854,
          -68.82034715980737,
          0.10857146785714396
        ],
        [
          72.61300457046751,
          -71.31766053797169,
          0.11571432857142971
        ],
        [
          75.16614536800647,
          -73.81497391613601,
          0.12285718928571544
        ],
        [
          77.71928616554543,
          -76.31228729430032,
          0.13000005000000114
        ],
        [
          77.71915,
          -76.31239999999991,
          0.12999999999999545
        ],
        [
          80.18424904849243,
          -78.72360158884501,
          0.13689655517240923
        ]
      ]
    },
    {
      "platform_name": "Tommerup, Spor 2",
      "platform_coords": [
        [
          -7.755764399750893,
          -9.808628122133348,
          0.011470155482622701
        ],
        [
          -5.033961599626339,
          -12.565492183200028,
          0.011710233223934247
        ],
        [
          -2.312158799501784,
          -15.322356244266711,
          0.011950310965245793
        ],
        [
          0.4096440006227713,
          -18.079220305333394,
          0.012190388706557339
        ],
        [
          3.131446800747323,
          -20.836084366400073,
          0.012430466447868884
        ],
        [
          5.85324960087188,
          -23.592948427466755,
          0.012670544189180429
        ],
        [
          8.575052400996434,
          -26.349812488533438,
          0.012910621930491974
        ],
        [
          11.296855201120987,
          -29.106676549600117,
          0.013150699671803521
        ],
        [
          14.018658001245544,
          -31.863540610666803,
          0.013390777413115066
        ],
        [
          16.740460801370094,
          -34.62040467173348,
          0.013630855154426611
        ],
        [
          16.740419999999997,
          -34.62029999999993,
          0.013669999999997628
        ],
        [
          20.253255980064495,
          -38.178387039008996,
          0.01616999999999763
        ],
        [
          23.76609196012899,
          -41.73647407801806,
          0.01866999999999763
        ],
        [
          23.76609,
          -41.7364,
          0.018670000000000186
        ],
        [
          27.278925980064493,
          -45.29448703900907,
          0.023670000000000184
        ],
        [
          30.79176196012899,
          -48.85257407801814,
          0.02867000000000019
        ],
        [
          30.79175,
          -48.85259999999994,
          0.028669999999998197
        ],
        [
          34.304585980064495,
          -52.410687039009005,
          0.0361699999999982
        ],
        [
          37.817421960128996,
          -55.96877407801807,
          0.043669999999998196
        ],
        [
          37.817413,
          -55.968599999999924,
          0.043669999999998765
        ],
        [
          40.32658155718893,
          -58.51009074214926,
          0.05081286071428449
        ],
        [
          42.83575011437785,
          -61.051581484298595,
          0.057955721428570195
        ],
        [
          45.34491867156678,
          -63.59307222644792,
          0.06509858214285591
        ],
        [
          47.8540872287557,
          -66.13456296859727,
          0.07224144285714162
        ],
        [
          50.36325578594463,
          -68.67605371074659,
          0.07938430357142734
        ],
        [
          52.87242434313356,
          -71.21754445289592,
          0.08652716428571305
        ],
        [
          55.38159290032248,
          -73.75903519504526,
          0.09367002499999875
        ],
        [
          57.89076145751141,
          -76.30052593719459,
          0.10081288571428448
        ],
        [
          60.39993001470033,
          -78.84201667934393,
          0.10795574642857018
        ],
        [
          62.90909857188926,
          -81.38350742149326,
          0.11509860714285591
        ],
        [
          65.41826712907819,
          -83.92499816364258,
          0.1222414678571416
        ],
        [
          67.92743568626712,
          -86.46648890579192,
          0.12938432857142734
        ],
        [
          70.43660424345603,
          -89.00797964794126,
          0.13652718928571306
        ]
      ]
    },
    {
      "platform_name": "Tommerup, Spor 1",